,City,Country,Date,Lat,Lng,Max Temp (F),Humidity (%),Cloudiness (%),Wind Speed (mph)
0,Husavik,IS,2021-02-06 20:10:46,66.0449,-17.3389,30.2,80,90,2.3
1,Palmer,US,2021-02-06 20:10:46,42.1584,-72.3287,39.2,35,20,14.97
2,Cape Town,ZA,2021-02-06 20:10:46,-33.9258,18.4232,73.0,78,20,14.97
3,Tuktoyaktuk,CA,2021-02-06 20:08:19,69.4541,-133.0374,-16.6,76,90,21.85
4,Ponta do Sol,PT,2021-02-06 20:10:47,32.6667,-17.1,55.0,68,13,1.99
5,Nishihara,JP,2021-02-06 20:10:47,26.1842,127.7558,66.2,88,75,2.3
6,Nanortalik,GL,2021-02-06 20:10:47,60.1432,-45.2371,21.79,79,0,4.81
7,Puerto Ayora,EC,2021-02-06 20:10:47,-0.7393,-90.3518,84.2,65,75,17.27
8,Vao,NC,2021-02-06 20:08:40,-22.6667,167.4833,77.05,88,0,7.34
9,Kavieng,PG,2021-02-06 20:08:10,-2.5744,150.7967,82.15,74,88,3.96
10,Jamestown,US,2021-02-06 20:10:47,42.097,-79.2353,23.0,53,1,21.85
11,Ixtapa,MX,2021-02-06 20:10:47,20.7,-105.2,80.6,54,40,10.36
12,Ancud,CL,2021-02-06 20:10:47,-41.8697,-73.8203,75.2,50,0,11.5
13,Mataura,NZ,2021-02-06 20:08:06,-46.1927,168.8643,58.28,76,0,2.08
14,Angren,UZ,2021-02-06 20:10:48,41.0167,70.1436,42.82,63,100,1.88
15,Bredasdorp,ZA,2021-02-06 20:08:09,-34.5322,20.0403,68.0,77,96,4.61
16,Hithadhoo,MV,2021-02-06 20:08:21,-0.6,73.0833,81.46,77,11,13.85
17,Rikitea,PF,2021-02-06 20:10:48,-23.1203,-134.9692,77.85,73,100,11.72
18,Mehamn,NO,2021-02-06 20:08:27,71.0357,27.8492,25.93,94,100,20.13
19,Busselton,AU,2021-02-06 20:08:09,-33.65,115.3333,57.99,96,100,3.0
20,Vostok,RU,2021-02-06 20:10:48,46.4856,135.8833,-13.04,90,100,2.48
21,Khatanga,RU,2021-02-06 20:10:48,71.9667,102.5,-36.36,78,0,6.96
22,Yellowknife,CA,2021-02-06 20:10:03,62.456,-114.3525,-38.0,67,1,3.44
23,Port Elizabeth,ZA,2021-02-06 20:10:48,-33.918,25.5701,68.0,88,40,16.11
24,Henties Bay,NA,2021-02-06 20:10:48,-22.116,14.2845,64.99,88,10,3.0
25,Ribeira Grande,PT,2021-02-06 20:10:48,38.5167,-28.7,60.8,88,75,21.85
26,Zaraza,VE,2021-02-06 20:10:48,9.3503,-65.3245,91.22,37,100,9.13
27,Albany,US,2021-02-06 20:07:08,42.6001,-73.9662,37.4,32,40,17.27
28,Katsuura,JP,2021-02-06 20:10:49,35.1333,140.3,42.8,65,0,8.05
29,Hasaki,JP,2021-02-06 20:10:49,35.7333,140.8333,35.6,93,20,1.14
30,Sungai Penuh,ID,2021-02-06 20:10:49,-2.0833,101.3833,62.8,86,92,4.12
31,Rabo de Peixe,PT,2021-02-06 20:10:49,37.8,-25.5833,60.01,94,75,13.8
32,Coquimbo,CL,2021-02-06 20:10:49,-29.9533,-71.3436,68.0,60,20,13.8
33,São Filipe,CV,2021-02-06 20:08:17,14.8961,-24.4956,70.63,73,81,14.79
34,Kruisfontein,ZA,2021-02-06 20:10:49,-34.0033,24.7314,69.01,83,0,5.99
35,Tiarei,PF,2021-02-06 20:10:49,-17.5333,-149.3333,80.6,69,75,14.97
36,Sciacca,IT,2021-02-06 20:10:49,37.5082,13.0881,60.8,77,0,16.11
37,Kumul,CN,2021-02-06 20:10:49,42.8,93.45,31.01,78,0,5.66
38,Morogoro,TZ,2021-02-06 20:10:49,-6.8167,37.6667,78.8,83,20,3.74
39,Barcelos,PT,2021-02-06 20:09:08,41.5388,-8.6151,48.99,76,20,9.22
40,Faanui,PF,2021-02-06 20:10:50,-16.4833,-151.75,81.64,69,1,10.38
41,Prince Rupert,CA,2021-02-06 20:10:50,54.3161,-130.3201,39.2,87,90,2.3
42,Sayyan,YE,2021-02-06 20:10:50,15.1718,44.3244,47.84,72,3,0.67
43,Bluff,NZ,2021-02-06 20:10:50,-46.6,168.3333,55.36,79,5,4.23
44,Bambous Virieux,MU,2021-02-06 20:10:50,-20.3428,57.7575,80.01,83,20,5.75
45,Oranjestad,AW,2021-02-06 20:06:26,12.524,-70.027,82.4,65,20,25.32
46,Kodinsk,RU,2021-02-06 20:07:55,58.6881,99.1844,12.24,95,100,5.95
47,Pevek,RU,2021-02-06 20:08:21,69.7008,170.3133,-2.34,87,89,4.5
48,Kamiiso,JP,2021-02-06 20:10:50,41.8167,140.65,29.01,92,100,5.37
49,Sørland,NO,2021-02-06 20:10:50,67.667,12.6934,34.86,82,72,25.03
50,Naze,JP,2021-02-06 20:10:51,28.3667,129.4833,60.53,82,99,9.53
51,Emmett,US,2021-02-06 20:05:58,43.8735,-116.4993,48.99,31,49,3.0
52,Itarema,BR,2021-02-06 20:10:52,-2.9248,-39.9167,83.21,68,42,14.43
53,Arraial do Cabo,BR,2021-02-06 20:10:52,-22.9661,-42.0278,71.6,94,90,6.91
54,New Norfolk,AU,2021-02-06 20:10:52,-42.7826,147.0587,60.01,69,99,1.99
55,Mossamedes,AO,2021-02-06 20:10:52,-15.1961,12.1522,71.89,78,37,9.69
56,Nikolskoye,RU,2021-02-06 20:10:52,59.7035,30.7861,10.4,72,75,15.66
57,Nelson Bay,AU,2021-02-06 20:10:52,-32.7167,152.15,69.8,100,90,10.36
58,Punta Arenas,CL,2021-02-06 20:10:52,-53.15,-70.9167,53.6,50,20,10.36
59,Chifeng,CN,2021-02-06 20:06:19,42.2683,118.9636,5.99,91,74,3.0
60,Airai,TL,2021-02-06 20:10:52,-8.9266,125.4092,60.21,100,100,2.21
61,Haimen,CN,2021-02-06 20:10:52,23.1935,116.6142,59.0,88,0,6.71
62,Mahébourg,MU,2021-02-06 20:10:52,-20.4081,57.7,77.0,83,20,5.75
63,Neuquén,AR,2021-02-06 20:09:15,-38.9516,-68.0591,86.0,39,0,5.75
64,Qaanaaq,GL,2021-02-06 20:08:07,77.484,-69.3632,12.31,87,100,9.64
65,Uddevalla,SE,2021-02-06 20:10:53,58.3478,11.9424,6.8,85,0,2.3
66,Belaya Gora,RU,2021-02-06 20:10:53,68.5333,146.4167,-31.02,83,73,2.64
67,Sola,VU,2021-02-06 20:10:53,-13.8833,167.55,81.79,71,12,3.67
68,Abalak,RU,2021-02-06 20:10:53,58.1286,68.5944,33.62,94,100,13.87
69,Cabo San Lucas,MX,2021-02-06 20:08:44,22.8909,-109.9124,78.01,53,1,10.36
70,Iqaluit,CA,2021-02-06 20:08:10,63.7506,-68.5145,24.8,86,90,16.11
71,Saldanha,ZA,2021-02-06 20:10:53,-33.0117,17.9442,68.0,77,39,8.05
72,Yining,CN,2021-02-06 20:10:53,29.0361,114.5636,50.49,88,5,1.43
73,Severo-Kuril'sk,RU,2021-02-06 20:10:53,50.6789,156.125,20.91,94,100,14.34
74,Muswellbrook,AU,2021-02-06 20:10:53,-32.2667,150.9,70.0,83,16,4.0
75,East London,ZA,2021-02-06 20:10:53,-33.0153,27.9116,75.92,86,16,3.18
76,Punta Alta,AR,2021-02-06 20:06:35,-38.8759,-62.0736,76.53,56,2,23.44
77,Barrow,US,2021-02-06 20:08:08,71.2906,-156.7887,-2.2,78,90,11.5
78,Cockburn Town,TC,2021-02-06 20:10:54,21.4612,-71.1419,80.6,69,20,16.11
79,Nouadhibou,MR,2021-02-06 20:10:54,20.931,-17.0347,66.2,59,0,18.41
80,Tura,IN,2021-02-06 20:08:41,25.5198,90.2201,57.72,59,91,2.71
81,Atuona,PF,2021-02-06 20:08:06,-9.8,-139.0333,80.13,78,100,23.31
82,Port Alfred,ZA,2021-02-06 20:10:54,-33.5906,26.891,71.01,93,81,1.99
83,Cidreira,BR,2021-02-06 20:10:54,-30.1811,-50.2056,76.62,64,6,8.19
84,Khandyga,RU,2021-02-06 20:08:31,62.6667,135.6,-26.57,85,100,1.52
85,Marsh Harbour,BS,2021-02-06 20:10:54,26.5412,-77.0636,77.09,76,0,20.85
86,Kutum,SD,2021-02-06 20:10:54,14.2,24.6667,53.78,39,0,10.11
87,Avarua,CK,2021-02-06 20:08:06,-21.2078,-159.775,84.2,74,45,8.05
88,Saint-Philippe,RE,2021-02-06 20:08:17,-21.3585,55.7679,79.0,83,75,3.44
89,San Patricio,US,2021-02-06 20:08:26,28.017,-97.5169,73.4,64,75,10.36
90,Telford,GB,2021-02-06 20:08:12,52.6766,-2.4493,39.99,100,75,4.61
91,Olafsvik,IS,2021-02-06 20:10:55,64.8945,-23.7142,35.4,80,76,15.5
92,Castro,BR,2021-02-06 20:10:55,-24.7911,-50.0119,75.83,54,0,4.32
93,Lavrentiya,RU,2021-02-06 20:10:55,65.5833,-171.0,-7.13,79,0,2.1
94,Upernavik,GL,2021-02-06 20:10:55,72.7868,-56.1549,19.62,78,100,4.43
95,Beidao,CN,2021-02-06 20:10:55,34.5686,105.8933,41.23,53,100,0.45
96,Norman Wells,CA,2021-02-06 20:10:55,65.282,-126.8329,-31.0,68,75,6.91
97,Belmonte,BR,2021-02-06 20:10:55,-15.8631,-38.8828,82.4,83,75,8.05
98,Ushuaia,AR,2021-02-06 20:06:45,-54.8,-68.3,55.4,71,40,19.57
99,Bulgan,MN,2021-02-06 20:10:55,48.8125,103.5347,1.9,82,0,2.59
100,Abu Kamal,SY,2021-02-06 20:10:56,34.4506,40.9171,54.9,51,0,9.17
101,Butaritari,KI,2021-02-06 20:10:56,3.0707,172.7902,81.12,81,99,21.68
102,Bathsheba,BB,2021-02-06 20:10:57,13.2167,-59.5167,82.4,57,20,18.41
103,Salamiyah,SY,2021-02-06 20:10:09,35.0113,37.0532,51.64,74,0,6.22
104,Batticaloa,LK,2021-02-06 20:10:57,7.7102,81.6924,77.07,87,21,10.92
105,Saskylakh,RU,2021-02-06 20:10:57,71.9167,114.0833,-37.62,80,69,6.71
106,Toro,CO,2021-02-06 20:10:57,4.6117,-76.0814,77.0,69,75,6.91
107,Vaini,TO,2021-02-06 20:10:57,-21.2,-175.2,80.6,78,75,8.05
108,Oberá,AR,2021-02-06 20:09:05,-27.4871,-55.1199,79.83,45,0,5.93
109,Karratha,AU,2021-02-06 20:10:57,-20.7377,116.8463,77.88,71,26,10.29
110,Hermanus,ZA,2021-02-06 20:08:07,-34.4187,19.2345,68.0,88,96,6.82
111,Pangnirtung,CA,2021-02-06 20:10:57,66.1451,-65.7125,14.0,79,75,4.61
112,Iskateley,RU,2021-02-06 20:10:57,67.6803,53.1512,-27.85,85,94,11.9
113,Hobart,AU,2021-02-06 20:08:12,-42.8794,147.3294,60.01,72,75,3.44
114,Clyde River,CA,2021-02-06 20:10:58,70.4692,-68.5914,-14.8,76,40,3.31
115,Isangel,VU,2021-02-06 20:08:25,-19.55,169.2667,75.2,94,20,1.5
116,Methven,NZ,2021-02-06 20:10:58,-43.6333,171.65,55.99,89,1,3.0
117,Zhangye,CN,2021-02-06 20:10:58,38.9342,100.4517,28.98,68,0,4.81
118,Torbay,CA,2021-02-06 20:10:58,47.6666,-52.7314,35.01,100,90,23.02
119,Arman',RU,2021-02-06 20:10:58,59.7,150.1667,4.12,87,100,10.54
120,Hīt,IQ,2021-02-06 20:10:58,33.6416,42.8251,57.04,86,100,6.6
121,Leh,IN,2021-02-06 20:10:58,34.1667,77.5833,5.49,53,0,2.19
122,Thompson,CA,2021-02-06 20:09:35,55.7435,-97.8558,-27.4,56,75,16.11
123,Lüderitz,NA,2021-02-06 20:10:58,-26.6481,15.1594,71.26,56,0,26.91
124,Camacha,PT,2021-02-06 20:10:58,33.0833,-16.3333,59.0,58,75,19.57
125,Bunia,CD,2021-02-06 20:10:58,1.5667,30.25,69.21,36,13,3.38
126,Paita,PE,2021-02-06 20:10:58,-5.0892,-81.1144,87.8,48,0,11.5
127,La Porte,US,2021-02-06 20:10:59,29.6658,-95.0194,64.0,77,90,1.7
128,Asău,RO,2021-02-06 20:10:59,46.4333,26.4,30.0,75,100,4.34
129,Kapaa,US,2021-02-06 20:08:09,22.0752,-159.319,69.01,64,40,2.89
130,Chapais,CA,2021-02-06 20:10:59,49.7834,-74.8492,17.6,62,90,14.97
131,Császár,HU,2021-02-06 20:10:59,47.498,18.1427,41.0,100,90,9.22
132,Bazaliia,UA,2021-02-06 20:10:59,49.7127,26.4733,22.68,91,91,8.3
133,Mount Isa,AU,2021-02-06 20:10:59,-20.7333,139.5,75.2,94,90,8.05
134,Epe,NG,2021-02-06 20:10:59,6.5841,3.9834,81.07,84,30,7.9
135,Yaan,NG,2021-02-06 20:10:59,7.3833,8.5667,84.11,15,0,4.63
136,Kahului,US,2021-02-06 20:10:01,20.8947,-156.47,71.6,60,20,4.61
137,Okha,RU,2021-02-06 20:10:59,53.5739,142.9478,-1.21,93,98,10.74
138,Prince Albert,CA,2021-02-06 20:09:25,53.2001,-105.7677,-18.4,63,20,5.75
139,Liverpool,GB,2021-02-06 20:11:00,53.4106,-2.9779,37.99,93,75,17.27
140,Honiara,SB,2021-02-06 20:11:00,-9.4333,159.95,77.18,87,100,6.49
141,Yugorsk,RU,2021-02-06 20:11:00,61.3133,63.3319,-6.92,91,100,12.64
142,Ormara,PK,2021-02-06 20:11:00,25.2088,64.6357,67.59,48,0,7.58
143,Pacific Grove,US,2021-02-06 20:08:38,36.6177,-121.9166,64.99,59,1,8.05
144,Pochutla,MX,2021-02-06 20:11:00,15.7432,-96.4661,82.0,69,75,17.27
145,Lagoa,PT,2021-02-06 20:11:00,39.05,-27.9833,60.19,87,100,24.76
146,Muli,MV,2021-02-06 20:11:00,2.9167,73.5667,81.46,76,22,13.69
147,Mongomo,GQ,2021-02-06 20:11:00,1.6274,11.3135,70.57,92,21,2.8
148,Port-Gentil,GA,2021-02-06 20:11:00,-0.7193,8.7815,82.4,83,75,6.91
149,Jucurutu,BR,2021-02-06 20:11:01,-6.0339,-37.0203,91.71,39,11,22.57
150,Rocha,UY,2021-02-06 20:11:02,-34.4833,-54.3333,80.29,45,0,13.24
151,Manyana,BW,2021-02-06 20:11:02,-23.4,21.7167,69.51,86,17,7.85
152,Pirovskoye,RU,2021-02-06 20:11:02,57.6267,92.2658,22.55,97,100,9.55
153,Rapid Valley,US,2021-02-06 20:08:13,44.0625,-103.1463,5.0,71,90,5.75
154,Jacareacanga,BR,2021-02-06 20:11:02,-6.2222,-57.7528,78.8,86,100,4.18
155,Ostrovnoy,RU,2021-02-06 20:11:02,68.0531,39.5131,10.54,93,100,10.63
156,Saint Paul Harbor,US,2021-02-06 20:08:10,57.79,-152.4072,35.6,60,20,9.37
157,Dalvik,IS,2021-02-06 20:08:28,65.9702,-18.5286,30.2,74,90,1.14
158,College,US,2021-02-06 20:08:21,64.8569,-147.8028,-7.01,71,90,1.16
159,Narsaq,GL,2021-02-06 20:06:33,60.9167,-46.05,30.2,40,75,5.75
160,Souillac,MU,2021-02-06 20:08:08,-20.5167,57.5167,78.8,83,20,3.44
161,Kailua,US,2021-02-06 20:10:05,21.4022,-157.7394,73.4,53,1,2.59
162,Aginskoye,RU,2021-02-06 20:11:03,51.1,114.53,-9.06,87,25,4.76
163,Srednekolymsk,RU,2021-02-06 20:11:03,67.45,153.6833,-18.62,84,10,3.42
164,Lebu,CL,2021-02-06 20:11:03,-37.6167,-73.65,62.49,79,52,6.62
165,Fukuechō,JP,2021-02-06 20:08:28,32.6881,128.8419,55.63,72,0,14.63
166,Constitución,CL,2021-02-06 20:09:22,-35.3333,-72.4167,65.07,70,24,6.17
167,Ahipara,NZ,2021-02-06 20:08:25,-35.1667,173.1667,63.54,79,89,4.72
168,Lakatoro,VU,2021-02-06 20:11:03,-16.0999,167.4164,79.74,75,2,3.27
169,Yeppoon,AU,2021-02-06 20:11:03,-23.1333,150.7333,77.0,73,90,1.72
170,Lātehār,IN,2021-02-06 20:11:03,23.75,84.5,52.36,84,0,2.42
171,Provideniya,RU,2021-02-06 20:11:03,64.3833,-173.3,-0.26,90,88,7.58
172,Labuhan,ID,2021-02-06 20:11:03,-6.8844,112.2051,77.45,87,4,8.99
173,Bengkulu,ID,2021-02-06 20:08:19,-3.8004,102.2655,76.08,77,99,6.06
174,Ulaangom,MN,2021-02-06 20:11:04,49.9811,92.0667,-8.32,87,5,1.95
175,George Town,MY,2021-02-06 20:08:03,5.4112,100.3354,80.6,89,20,3.44
176,Tuatapere,NZ,2021-02-06 20:11:04,-46.1333,167.6833,58.59,72,1,3.6
177,Hearst,CA,2021-02-06 20:11:04,49.6835,-83.6665,-4.0,65,100,10.36
178,Jalu,LY,2021-02-06 20:11:04,29.0331,21.5482,62.67,36,0,8.77
179,Cuenca,EC,2021-02-06 20:11:04,-2.8833,-78.9833,71.6,46,75,13.8
180,Zhuanghe,CN,2021-02-06 20:11:04,39.7008,122.9911,32.0,43,99,3.0
181,Soavinandriana,MG,2021-02-06 20:11:04,-19.1667,46.7333,61.11,100,100,1.83
182,Hilo,US,2021-02-06 20:11:04,19.7297,-155.09,77.0,57,1,4.61
183,Port Lincoln,AU,2021-02-06 20:08:24,-34.7333,135.8667,60.87,75,71,11.14
184,Kavaratti,IN,2021-02-06 20:11:04,10.5669,72.642,81.07,62,3,7.74
185,Mar del Plata,AR,2021-02-06 20:09:11,-38.0023,-57.5575,68.0,68,20,17.27
186,Don Luan,VN,2021-02-06 20:11:05,11.5333,106.9167,74.84,71,74,3.4
187,Grand Gaube,MU,2021-02-06 20:11:05,-20.0064,57.6608,80.01,79,0,4.0
188,Aklavik,CA,2021-02-06 20:11:05,68.2191,-135.0107,-27.4,75,75,3.44
189,Nānākuli,US,2021-02-06 20:11:05,21.3906,-158.1547,73.4,53,75,3.44
190,Karlstad,SE,2021-02-06 20:10:13,59.3793,13.5036,15.8,86,37,5.75
191,Dikson,RU,2021-02-06 20:08:13,73.5069,80.5464,-29.43,86,86,10.78
192,Portland,US,2021-02-06 20:07:52,45.5234,-122.6762,46.4,71,90,16.11
193,Dwārka,IN,2021-02-06 20:11:05,22.2394,68.9678,69.8,43,0,13.44
194,Tolaga Bay,NZ,2021-02-06 20:11:05,-38.3667,178.3,60.85,74,100,6.02
195,San Carlos del Zulia,VE,2021-02-06 20:11:05,9.0,-71.9135,89.2,55,100,4.54
196,Puerto Baquerizo Moreno,EC,2021-02-06 20:11:05,-0.9,-89.6,84.2,79,75,10.36
197,Porto-Novo,BJ,2021-02-06 20:11:06,6.4965,2.6036,86.0,79,20,12.66
198,Konstantinovka,RU,2021-02-06 20:11:06,49.6167,127.9833,-17.18,88,70,5.66
199,Fortuna,US,2021-02-06 20:11:06,40.5982,-124.1573,53.01,93,75,10.36
200,Flin Flon,CA,2021-02-06 20:11:07,54.7682,-101.865,-23.8,62,1,11.5
201,Río Cuarto,AR,2021-02-06 20:11:07,-33.1307,-64.3499,82.4,54,0,17.27
202,Korla,CN,2021-02-06 20:11:07,41.7597,86.1469,27.64,84,0,3.98
203,San Cristobal,VE,2021-02-06 20:11:07,7.7669,-72.225,87.8,51,40,9.22
204,Senanga,ZM,2021-02-06 20:11:07,-16.1167,23.2667,72.21,78,95,1.66
205,Mountain Home,US,2021-02-06 20:11:07,43.133,-115.6912,46.4,42,1,4.61
206,Cayenne,GF,2021-02-06 20:11:07,4.9333,-52.3333,78.8,100,75,4.61
207,Xining,CN,2021-02-06 20:10:06,36.6167,101.7667,21.74,65,100,1.88
208,Bethel,US,2021-02-06 20:08:13,41.3712,-73.414,41.0,30,1,13.8
209,Findhorn,GB,2021-02-06 20:11:08,57.6572,-3.6085,34.0,80,90,13.8
210,Jaen,ES,2021-02-06 20:11:08,38.0,-3.5,45.68,89,70,8.59
211,Victor Harbor,AU,2021-02-06 20:11:08,-35.5667,138.6167,60.01,99,62,1.01
212,Almaznyy,RU,2021-02-06 20:11:08,48.0448,40.045,21.2,79,0,6.71
213,Vung Tau,VN,2021-02-06 20:11:08,10.346,107.0843,76.01,77,96,14.45
214,Chui,UY,2021-02-06 20:11:08,-33.6971,-53.4616,81.99,51,0,7.74
215,Kemijärvi,FI,2021-02-06 20:11:08,66.7131,27.4306,13.86,95,52,9.82
216,Vardø,NO,2021-02-06 20:08:24,70.3705,31.1107,24.8,80,40,24.16
217,Bajil,YE,2021-02-06 20:11:08,15.0584,43.2851,73.81,68,29,10.54
218,Nome,US,2021-02-06 20:11:08,64.5011,-165.4064,12.2,92,90,1.57
219,Hobyo,SO,2021-02-06 20:11:09,5.3505,48.5268,77.47,77,0,14.94
220,Hamada,JP,2021-02-06 20:09:17,34.8833,132.0833,39.99,30,38,3.0
221,Nioro,GM,2021-02-06 20:11:09,13.35,-15.75,77.97,23,100,8.97
222,Kayerkan,RU,2021-02-06 20:11:09,69.3497,87.7602,-28.44,76,0,4.88
223,Navolato,MX,2021-02-06 20:11:09,24.7672,-107.6944,79.0,50,1,11.5
224,Ketchikan,US,2021-02-06 20:11:09,55.3422,-131.6461,37.4,100,90,9.22
225,Pisco,PE,2021-02-06 20:11:09,-13.7,-76.2167,75.2,73,75,11.5
226,Tasiilaq,GL,2021-02-06 20:08:27,65.6145,-37.6368,33.8,69,40,48.34
227,Puerto Escondido,MX,2021-02-06 20:11:09,15.85,-97.0667,86.0,66,40,12.66
228,Margate,GB,2021-02-06 20:11:10,51.3813,1.3862,42.01,90,100,7.0
229,Kaitangata,NZ,2021-02-06 20:08:11,-46.2817,169.8464,56.37,80,2,3.4
230,Forbes,AU,2021-02-06 20:11:10,-33.3833,148.0167,66.0,90,13,2.82
231,Ayagoz,KZ,2021-02-06 20:11:10,47.9714,80.4392,20.34,87,70,5.28
232,Sambava,MG,2021-02-06 20:11:10,-14.2667,50.1667,77.85,80,100,2.17
233,Ilulissat,GL,2021-02-06 20:11:10,69.2167,-51.1,21.2,42,20,23.02
234,Bonavista,CA,2021-02-06 20:11:10,48.6499,-53.1147,34.0,100,100,4.61
235,Praia,CV,2021-02-06 20:11:10,14.9215,-23.5087,69.8,64,75,20.71
236,Necochea,AR,2021-02-06 20:08:40,-38.5473,-58.7368,69.91,61,0,14.92
237,Shitkino,RU,2021-02-06 20:11:10,56.3703,98.3543,16.99,96,100,5.1
238,Buala,SB,2021-02-06 20:11:10,-8.145,159.5921,80.58,82,95,10.96
239,Plettenberg Bay,ZA,2021-02-06 20:11:11,-34.0527,23.3716,67.12,88,1,6.89
240,Chhātak,BD,2021-02-06 20:11:11,25.0333,91.6667,59.22,59,10,3.15
241,Guerrero Negro,MX,2021-02-06 20:08:20,27.9769,-114.0611,71.47,34,8,5.7
242,Nova Olinda do Norte,BR,2021-02-06 20:11:11,-3.8881,-59.0942,84.4,81,77,0.54
243,Maun,BW,2021-02-06 20:11:11,-19.9833,23.4167,71.6,100,75,5.75
244,Cerritos,US,2021-02-06 20:11:11,33.8583,-118.0648,71.01,46,1,3.44
245,Palpa,PE,2021-02-06 20:11:11,-14.5336,-75.1856,85.01,43,78,13.47
246,Evensk,RU,2021-02-06 20:11:11,61.95,159.2333,10.11,89,68,18.79
247,Fairbanks,US,2021-02-06 20:07:59,64.8378,-147.7164,-7.01,77,90,1.1
248,Dali,CN,2021-02-06 20:11:11,25.7,100.1833,45.3,62,19,4.23
249,Sirte,LY,2021-02-06 20:11:11,31.2089,16.5887,68.68,35,44,12.37
250,Stornoway,GB,2021-02-06 20:11:13,58.2093,-6.3865,37.4,70,20,21.85
251,Charters Towers,AU,2021-02-06 20:11:13,-20.1,146.2667,73.87,92,100,5.3
252,Teya,RU,2021-02-06 20:11:13,60.3778,92.6267,15.75,93,100,9.8
253,Petropavlovsk-Kamchatskiy,RU,2021-02-06 20:11:13,53.0452,158.6483,24.8,63,100,24.61
254,Yulara,AU,2021-02-06 20:11:13,-25.2406,130.9889,75.2,31,0,10.36
255,‘Āhuimanu,US,2021-02-06 20:11:13,21.4447,-157.8378,73.4,53,1,2.13
256,Longyearbyen,SJ,2021-02-06 20:11:13,78.2186,15.6401,19.4,79,75,4.61
257,Turbat,PK,2021-02-06 20:11:13,26.0023,63.044,55.18,55,0,1.57
258,Rome,US,2021-02-06 20:07:03,43.2128,-75.4557,28.99,43,1,14.97
259,Kankaanpää,FI,2021-02-06 20:11:13,61.8,22.4167,8.6,92,27,2.3
260,Magistral'nyy,RU,2021-02-06 20:11:13,56.1725,107.4458,6.24,93,100,5.5
261,Sisimiut,GL,2021-02-06 20:11:13,66.9395,-53.6735,20.95,76,0,12.59
262,Acapulco de Juárez,MX,2021-02-06 20:11:14,16.8634,-99.8901,84.2,65,20,9.22
263,Santa Maria,BR,2021-02-06 20:11:14,-29.6842,-53.8069,78.87,48,1,4.74
264,Ampanihy,MG,2021-02-06 20:11:14,-24.7,44.75,76.46,84,0,6.26
265,Letlhakane,BW,2021-02-06 20:11:14,-21.4167,25.5833,74.77,70,88,10.67
266,Kétou,BJ,2021-02-06 20:11:14,7.3633,2.5998,82.74,72,78,9.82
267,Avesta,SE,2021-02-06 20:11:14,60.1455,16.1679,21.2,86,90,6.91
268,Banamba,ML,2021-02-06 20:11:14,13.55,-7.45,79.9,16,73,6.98
269,Luganville,VU,2021-02-06 20:11:14,-15.5333,167.1667,78.82,80,5,4.74
270,Macapá,BR,2021-02-06 20:11:14,0.0389,-51.0664,89.6,70,75,9.22
271,Ol'ga,RU,2021-02-06 20:08:27,43.7444,135.2892,7.48,90,1,7.05
272,Sur,OM,2021-02-06 20:08:30,22.5667,59.5289,63.05,62,0,5.86
273,Khvorostyanka,RU,2021-02-06 20:11:14,52.6096,48.9597,2.37,92,79,10.67
274,Biloela,AU,2021-02-06 20:11:14,-24.4167,150.5,73.26,75,7,3.0
275,Malko Tarnovo,BG,2021-02-06 20:11:15,41.9833,27.5333,46.4,100,90,10.36
276,Pilar,BR,2021-02-06 20:11:15,-9.5972,-35.9567,84.2,70,0,16.11
277,Llanes,ES,2021-02-06 20:11:15,43.4198,-4.7549,50.0,68,100,11.56
278,Kochubey,RU,2021-02-06 20:11:15,44.3861,46.5825,34.47,95,100,6.24
279,Cherskiy,RU,2021-02-06 20:11:15,68.75,161.3,-8.93,80,0,5.91
280,Tiksi,RU,2021-02-06 20:11:15,71.6872,128.8694,-25.67,85,100,6.17
281,Mata,PT,2021-02-06 20:11:15,40.683,-7.4592,46.99,93,99,2.42
282,Solnechnyy,RU,2021-02-06 20:11:15,50.7214,136.6319,-5.51,89,100,3.15
283,Brigantine,US,2021-02-06 20:11:15,39.4101,-74.3646,50.0,31,1,14.97
284,Beringovskiy,RU,2021-02-06 20:11:15,63.05,179.3167,-9.74,89,3,8.63
285,Huanren,CN,2021-02-06 20:08:16,41.2647,125.3667,14.04,93,0,3.58
286,Cervo,ES,2021-02-06 20:11:16,43.6702,-7.4101,46.99,78,77,1.01
287,Dingle,PH,2021-02-06 20:11:16,10.9995,122.6711,74.32,91,89,7.02
288,Quatre Cocos,MU,2021-02-06 20:11:16,-20.2078,57.7625,80.01,83,20,5.75
289,Issaquah,US,2021-02-06 20:10:47,47.5301,-122.0326,46.99,93,100,5.01
290,Vila Velha,BR,2021-02-06 20:08:43,-20.3297,-40.2925,82.4,74,20,14.97
291,Pecos,US,2021-02-06 20:11:16,31.4229,-103.4932,64.4,10,1,12.66
292,Carnarvon,AU,2021-02-06 20:08:10,-24.8667,113.6333,80.6,100,40,13.8
293,Luwuk,ID,2021-02-06 20:11:16,-0.9516,122.7875,77.7,72,100,2.84
294,Dakoro,NE,2021-02-06 20:11:16,14.5106,6.765,72.66,19,99,9.15
295,Champerico,GT,2021-02-06 20:11:16,14.3,-91.9167,89.6,48,40,6.91
296,Saint George,US,2021-02-06 20:11:01,37.1041,-113.5841,57.99,28,1,1.05
297,Haines Junction,CA,2021-02-06 20:11:16,60.7522,-137.5108,-14.8,64,100,1.14
298,Beira,MZ,2021-02-06 20:11:17,-19.8436,34.8389,82.4,89,40,2.3
299,Rodolfo Sánchez Taboada,MX,2021-02-06 20:11:17,31.7167,-116.5667,62.01,79,0,3.0
300,Bandarbeyla,SO,2021-02-06 20:11:18,9.4942,50.8122,76.05,80,19,13.53
301,Mbanza-Ngungu,CD,2021-02-06 20:07:08,-5.25,14.8667,70.61,95,92,3.29
302,Paredon,MX,2021-02-06 20:11:18,16.0333,-93.8667,85.21,39,0,9.6
303,Nueva Helvecia,UY,2021-02-06 20:11:18,-34.3,-57.2333,87.01,36,0,7.94
304,Dicabisagan,PH,2021-02-06 20:11:18,17.0818,122.4157,75.13,88,74,4.12
305,Amapá,BR,2021-02-06 20:11:18,1.0,-52.0,78.39,93,100,4.63
306,Grand Island,US,2021-02-06 20:11:18,40.925,-98.342,12.0,67,90,12.66
307,Grindavik,IS,2021-02-06 20:11:18,63.8424,-22.4338,33.8,69,0,17.27
308,Yate,GB,2021-02-06 20:11:18,51.5407,-2.4184,37.99,92,22,6.93
309,Yabrūd,SY,2021-02-06 20:08:18,33.9674,36.6574,50.0,87,0,11.5
310,Bowen,AU,2021-02-06 20:11:19,-20.0167,148.2333,73.4,100,88,6.26
311,Inta,RU,2021-02-06 20:11:19,66.0317,60.1659,-29.45,84,49,13.04
312,Pierre,US,2021-02-06 20:06:30,44.3683,-100.351,6.8,43,1,11.5
313,Vestmannaeyjar,IS,2021-02-06 20:11:19,63.4427,-20.2734,37.4,75,20,28.77
314,Aksha,RU,2021-02-06 20:11:19,50.2814,113.2867,-5.6,86,45,3.91
315,Huilong,CN,2021-02-06 20:11:19,31.8111,121.655,52.0,90,0,5.44
316,Turukhansk,RU,2021-02-06 20:11:19,65.8167,87.9833,-3.93,92,100,15.64
317,Ossora,RU,2021-02-06 20:11:19,59.2353,163.0719,18.05,96,100,28.27
318,Saint Anthony,US,2021-02-06 20:08:23,45.0205,-93.218,1.4,50,20,18.41
319,Pimentel,PE,2021-02-06 20:11:19,-6.8367,-79.9342,78.8,57,90,14.97
320,Ambulu,ID,2021-02-06 20:11:19,-8.345,113.6058,76.66,86,90,2.68
321,Timizart,DZ,2021-02-06 20:11:19,36.8,4.2667,52.2,91,92,6.8
322,Dargaville,NZ,2021-02-06 20:11:20,-35.9333,173.8833,65.32,65,99,3.11
323,Ust-Nera,RU,2021-02-06 20:11:20,64.5667,143.2,-24.32,76,67,5.12
324,Salalah,OM,2021-02-06 20:11:20,17.0151,54.0924,75.2,69,40,8.05
325,Thinadhoo,MV,2021-02-06 20:11:20,0.5333,72.9333,81.79,76,6,14.16
326,Te Anau,NZ,2021-02-06 20:11:20,-45.4167,167.7167,56.46,75,12,1.07
327,Khovd,MN,2021-02-06 20:11:20,48.0056,91.6419,8.69,91,76,1.1
328,Hong Kong,HK,2021-02-06 20:07:51,22.2855,114.1577,66.0,66,0,3.53
329,La Ronge,CA,2021-02-06 20:11:20,55.1001,-105.2842,-22.0,57,61,8.05
330,Andenes,NO,2021-02-06 20:11:20,69.3143,16.1194,33.8,80,100,17.27
331,Bud,US,2021-02-06 20:11:20,39.447,-86.1758,27.0,43,1,1.01
332,Doha,QA,2021-02-06 20:08:10,25.2867,51.5333,70.0,83,0,8.05
333,Waipawa,NZ,2021-02-06 20:11:20,-41.4122,175.5153,63.0,82,93,3.44
334,Mnogovershinnyy,RU,2021-02-06 20:11:21,53.9353,139.9242,-8.82,91,100,8.08
335,Namie,JP,2021-02-06 20:11:21,37.4833,141.0,41.0,73,0,9.57
336,Zhuhai,CN,2021-02-06 20:11:21,22.2769,113.5678,66.99,88,0,2.3
337,Hirara,JP,2021-02-06 20:08:30,24.8,125.2833,69.73,66,0,7.25
338,Conceição da Barra,BR,2021-02-06 20:09:18,-18.5933,-39.7322,84.13,68,100,5.48
339,Meulaboh,ID,2021-02-06 20:11:21,4.1363,96.1285,76.8,88,69,3.53
340,Hamilton,US,2021-02-06 20:11:21,39.1834,-84.5333,36.0,32,1,3.44
341,Obihiro,JP,2021-02-06 20:11:21,42.9172,143.2044,16.56,93,100,2.01
342,Nyurba,RU,2021-02-06 20:11:21,63.2842,118.3319,-32.76,84,28,2.19
343,Mount Gambier,AU,2021-02-06 20:11:21,-37.8333,140.7667,55.4,88,90,11.5
344,Chokurdakh,RU,2021-02-06 20:11:21,70.6333,147.9167,-21.51,87,61,7.49
345,Korsakov,RU,2021-02-06 20:11:21,46.6328,142.7813,-16.6,69,20,2.24
346,Gorakhpur,IN,2021-02-06 20:11:21,29.45,75.6833,51.62,53,0,3.83
347,Córdoba,AR,2021-02-06 20:09:27,-31.4135,-64.1811,88.0,47,20,12.66
348,St. George's,GD,2021-02-06 20:11:22,12.0564,-61.7485,84.2,61,20,23.02
349,São Gabriel da Cachoeira,BR,2021-02-06 20:11:22,-0.1303,-67.0892,87.8,70,40,3.44
350,North Bend,US,2021-02-06 20:11:23,43.4065,-124.2243,46.99,76,90,3.4
351,Mahon,ES,2021-02-06 20:11:23,39.8885,4.2658,53.6,87,0,1.14
352,Gaza,PS,2021-02-06 20:10:34,31.5,34.4667,59.0,100,0,0.45
353,Noumea,NC,2021-02-06 20:11:23,-22.2763,166.4572,77.0,88,75,2.3
354,Lázaro Cárdenas,MX,2021-02-06 20:11:23,17.9583,-102.2,81.93,59,0,8.52
355,Pekan,MY,2021-02-06 20:11:23,3.4836,103.3996,75.2,88,20,3.44
356,New Castle,US,2021-02-06 20:11:23,41.0037,-80.347,30.2,43,1,10.36
357,San Rafael,AR,2021-02-06 20:11:23,-34.6177,-68.3301,91.13,20,0,11.95
358,Roebourne,AU,2021-02-06 20:11:23,-20.7833,117.1333,77.88,72,18,9.95
359,Høng,DK,2021-02-06 20:11:23,55.5117,11.2903,21.2,79,0,6.91
360,Jalpan,MX,2021-02-06 20:11:24,21.2333,-99.4833,96.6,10,29,9.62
361,Rawson,AR,2021-02-06 20:09:34,-43.3002,-65.1023,62.53,63,100,25.66
362,Bairiki Village,KI,2021-02-06 20:11:24,1.3292,172.9752,78.8,94,75,9.22
363,Mayo,US,2021-02-06 20:11:24,38.8876,-76.5119,52.0,32,1,8.05
364,Les Cayes,HT,2021-02-06 20:11:24,18.2,-73.75,81.03,72,89,11.63
365,Codrington,AU,2021-02-06 20:11:24,-38.2667,141.9667,57.45,79,99,13.0
366,Waliso,ET,2021-02-06 20:11:24,8.5333,37.9833,63.95,48,98,7.85
367,Ilām,NP,2021-02-06 20:11:24,26.9167,87.9167,47.14,70,0,5.12
368,Moerai,PF,2021-02-06 20:11:24,-22.4333,-151.3333,80.89,73,8,12.1
369,Half Moon Bay,US,2021-02-06 20:11:24,37.4636,-122.4286,66.0,77,1,9.22
370,Finschhafen,PG,2021-02-06 20:11:24,-6.6024,147.8681,80.8,79,100,6.89
371,Caranavi,BO,2021-02-06 20:11:25,-15.8167,-67.55,75.83,66,94,3.22
372,Nhulunbuy,AU,2021-02-06 20:11:25,-12.2333,136.7667,80.6,83,75,10.36
373,Khorixas,NA,2021-02-06 20:11:25,-20.3667,14.9667,75.47,45,100,9.17
374,Beyneu,KZ,2021-02-06 20:11:25,45.3167,55.2,29.17,85,68,12.37
375,Sobolevo,RU,2021-02-06 20:11:25,54.4299,31.8996,-0.8,93,85,8.43
376,Vanimo,PG,2021-02-06 20:11:25,-2.6741,141.3028,76.59,90,100,4.32
377,Talnakh,RU,2021-02-06 20:08:43,69.4865,88.3972,-29.0,74,0,3.0
378,Mukhen,RU,2021-02-06 20:11:25,48.1,136.1,-14.22,88,100,1.34
379,Gamboma,CG,2021-02-06 20:11:25,-1.8764,15.8644,77.45,73,100,2.55
380,High Prairie,CA,2021-02-06 20:11:25,55.4334,-116.4858,-20.2,76,48,5.75
381,Tarbagatay,RU,2021-02-06 20:11:25,51.4803,107.3602,-13.0,77,92,4.7
382,Bonthe,SL,2021-02-06 20:11:25,7.5264,-12.505,80.56,72,98,9.55
383,Boa Vista,BR,2021-02-06 20:11:26,2.8197,-60.6733,89.6,45,40,10.36
384,Maceió,BR,2021-02-06 20:11:26,-9.6658,-35.7353,84.2,70,0,16.11
385,Verkhnetulomskiy,RU,2021-02-06 20:11:26,68.6073,31.7962,24.8,86,75,11.18
386,Kloulklubed,PW,2021-02-06 20:08:31,7.0419,134.2556,77.0,100,90,8.05
387,Great Yarmouth,GB,2021-02-06 20:11:26,52.6083,1.7305,39.2,93,90,21.85
388,Romny,UA,2021-02-06 20:11:26,50.751,33.4747,3.94,94,49,7.49
389,Valleyview,CA,2021-02-06 20:11:26,55.0667,-117.2859,-20.2,76,99,5.75
390,Broome,US,2021-02-06 20:11:26,42.2506,-75.833,30.2,31,1,14.97
391,Amga,RU,2021-02-06 20:11:26,60.8953,131.9608,-28.86,83,100,1.34
392,Frutal,BR,2021-02-06 20:11:26,-20.0247,-48.9406,80.76,66,85,6.2
393,Green River,US,2021-02-06 20:11:26,41.5286,-109.4662,32.0,51,75,31.07
394,Camaná,PE,2021-02-06 20:11:26,-16.6228,-72.7111,74.1,69,100,5.82
395,Zyryanka,RU,2021-02-06 20:11:26,65.75,150.85,-18.65,83,100,9.26
396,Laas,IT,2021-02-06 20:11:27,46.6166,10.7002,39.99,93,75,6.91
397,Flinders,AU,2021-02-06 20:11:27,-34.5833,150.8552,64.0,87,0,1.01
398,Kadyy,RU,2021-02-06 20:11:27,57.787,43.1903,-4.94,90,100,8.59
399,Terenos,BR,2021-02-06 20:11:27,-20.4422,-54.8603,82.4,42,0,5.75
400,Den Helder,NL,2021-02-06 20:08:16,52.9599,4.7593,34.0,74,90,28.77
401,Noyabrsk,RU,2021-02-06 20:11:28,63.1994,75.4507,14.94,97,100,10.36
402,Manta,EC,2021-02-06 20:11:28,-0.95,-80.7333,84.2,74,40,8.05
403,Sakaiminato,JP,2021-02-06 20:11:28,35.55,133.2333,39.2,100,20,8.05
404,Northam,GB,2021-02-06 20:11:28,51.0333,-4.2167,39.0,94,52,5.99
405,Weyburn,CA,2021-02-06 20:11:28,49.6668,-103.8511,-18.4,69,0,10.36
406,Teguise,ES,2021-02-06 20:11:28,29.0605,-13.564,60.8,72,40,8.05
407,Galle,LK,2021-02-06 20:11:28,6.0367,80.217,75.29,89,100,8.08
408,Río Gallegos,AR,2021-02-06 20:09:34,-51.6226,-69.2181,66.2,20,40,12.66
409,Esperance,AU,2021-02-06 20:11:29,-33.8667,121.9,59.0,88,90,9.22
410,Verkhoyansk,RU,2021-02-06 20:11:29,67.5447,133.385,-26.25,83,100,1.92
411,Mardin,TR,2021-02-06 20:10:59,37.3131,40.7436,40.62,67,0,5.55
412,Pahrump,US,2021-02-06 20:11:29,36.2083,-115.9839,62.01,25,0,2.48
413,Kaohsiung City,TW,2021-02-06 20:11:29,22.6163,120.3133,66.99,82,20,1.14
414,Cabedelo,BR,2021-02-06 20:11:29,-6.9811,-34.8339,84.2,70,20,9.22
415,Mvomero,TZ,2021-02-06 20:11:29,-6.25,38.6667,82.4,78,20,9.22
416,Saquena,PE,2021-02-06 20:11:29,-4.6667,-73.5167,85.23,78,69,3.91
417,Sitka,US,2021-02-06 20:08:12,57.0531,-135.33,35.6,93,75,3.18
418,Borzya,RU,2021-02-06 20:11:00,50.3833,116.5167,-17.12,87,0,1.23
419,Westport,US,2021-02-06 20:11:29,41.1415,-73.3579,44.6,36,1,16.11
420,Nemuro,JP,2021-02-06 20:11:29,43.3236,145.575,25.79,97,100,12.26
421,Palas,ID,2021-02-06 20:11:29,-5.6519,105.6801,75.7,91,85,8.16
422,Zharkent,KZ,2021-02-06 20:11:30,44.1628,80.0,32.59,78,100,0.47
423,Luau,AO,2021-02-06 20:11:30,-10.7073,22.2247,67.42,97,100,5.01
424,Ballina,AU,2021-02-06 20:11:30,-28.8667,153.5667,71.6,88,90,2.3
425,Excelsior Springs,US,2021-02-06 20:11:30,39.3392,-94.2261,24.01,80,90,10.36
426,Fougamou,GA,2021-02-06 20:11:30,-1.2154,10.5838,75.87,90,100,1.99
427,Lukovetskiy,RU,2021-02-06 20:11:30,64.2956,41.9211,6.8,72,40,11.18
428,Poum,NC,2021-02-06 20:11:30,-20.2333,164.0167,79.86,68,0,4.21
429,Jaguariaíva,BR,2021-02-06 20:11:30,-24.2511,-49.7058,75.15,64,21,3.69
430,Sulphur Springs,US,2021-02-06 20:11:30,33.1385,-95.6011,46.4,100,90,11.5
431,Marapanim,BR,2021-02-06 20:11:30,-0.7175,-47.6997,82.98,76,80,7.23
432,Coracora,PE,2021-02-06 20:11:30,-15.0333,-73.7833,60.37,66,78,8.88
433,The Valley,AI,2021-02-06 20:11:30,18.217,-63.0578,82.4,78,40,12.66
434,Maralal,KE,2021-02-06 20:11:31,1.0968,36.698,60.66,74,2,3.69
435,Youkounkoun,GN,2021-02-06 20:11:31,12.5333,-13.1333,83.26,16,48,6.38
436,Areosa,PT,2021-02-06 20:11:31,41.7178,-8.8571,48.2,76,20,9.22
437,Rio do Sul,BR,2021-02-06 20:11:31,-27.2142,-49.6431,84.0,52,4,5.99
438,Kirkuk,IQ,2021-02-06 20:11:31,35.4681,44.3922,55.72,82,100,2.53
439,Eyl,SO,2021-02-06 20:11:31,7.9803,49.8164,75.78,80,18,13.2
440,Mbini,GQ,2021-02-06 20:11:31,1.574,9.6134,84.2,84,83,4.61
441,Penzance,GB,2021-02-06 20:11:31,50.1186,-5.5371,41.0,81,75,16.11
442,Galeana,MX,2021-02-06 20:11:31,24.8333,-100.0667,75.0,8,0,14.0
443,San Diego de la Unión,MX,2021-02-06 20:11:31,21.4667,-100.8667,75.99,23,0,5.01
444,Mackay,AU,2021-02-06 20:11:31,-21.15,149.2,75.2,94,100,6.82
445,Padang,ID,2021-02-06 20:11:31,-0.9492,100.3543,73.4,88,40,2.3
446,Innisfail,AU,2021-02-06 20:11:32,-17.5333,146.0333,76.28,92,80,4.05
447,Laguna,US,2021-02-06 20:11:32,38.421,-121.4238,61.0,58,1,0.27
448,Tongliao,CN,2021-02-06 20:11:32,43.6125,122.2653,0.05,88,0,8.99
449,Cap Malheureux,MU,2021-02-06 20:11:32,-19.9842,57.6142,80.01,79,0,4.0
450,Sinegor'ye,RU,2021-02-06 20:11:33,62.0788,150.477,-20.0,84,98,0.74
451,Myitkyina,MM,2021-02-06 20:11:33,25.3833,97.4,58.03,56,0,3.27
452,Strezhevoy,RU,2021-02-06 20:11:33,60.7333,77.5889,32.0,100,90,11.18
453,Lerik,AZ,2021-02-06 20:11:33,38.7726,48.4128,44.6,100,75,3.44
454,Kysyl-Syr,RU,2021-02-06 20:11:33,63.8986,122.7617,-37.48,81,26,5.64
455,Byron Bay,AU,2021-02-06 20:11:33,-28.65,153.6167,71.6,88,90,2.3
456,Sweetwater,US,2021-02-06 20:11:33,25.7634,-80.3731,77.0,94,90,9.22
457,Loma Alta,HN,2021-02-06 20:11:33,15.3967,-88.5597,95.0,66,1,6.91
458,Agüimes,ES,2021-02-06 20:11:34,27.9054,-15.4461,63.0,67,40,11.5
459,Yuncheng,CN,2021-02-06 20:11:34,35.0231,110.9928,44.2,49,29,3.74
460,Porto Walter,BR,2021-02-06 20:11:34,-8.2686,-72.7439,90.72,51,59,1.34
461,Bremerton,US,2021-02-06 20:07:45,47.5673,-122.6326,48.99,93,90,18.41
462,Uvinza,TZ,2021-02-06 20:11:34,-5.1036,30.3911,68.02,86,100,1.61
463,Concepción del Oro,MX,2021-02-06 20:11:34,24.6333,-101.4167,69.31,19,0,16.82
464,Namatanai,PG,2021-02-06 20:11:34,-3.6667,152.4333,78.87,79,63,1.92
465,La Rioja,ES,2021-02-06 20:11:34,42.25,-2.5,44.6,87,75,6.91
466,San Carlos,VE,2021-02-06 20:11:34,9.6612,-68.5827,90.95,40,98,2.44
467,Umm Kaddadah,SD,2021-02-06 20:11:34,13.6017,26.6876,62.37,30,0,13.2
468,Makakilo City,US,2021-02-06 20:11:34,21.3469,-158.0858,73.4,53,75,3.44
469,Sibolga,ID,2021-02-06 20:07:10,1.7427,98.7792,76.51,78,61,4.41
470,Salinas,US,2021-02-06 20:07:50,36.6777,-121.6555,64.99,48,1,3.44
471,Cowra,AU,2021-02-06 20:11:34,-33.8333,148.6833,55.99,81,0,0.56
472,Takoradze,GH,2021-02-06 20:11:35,4.8845,-1.7554,80.46,86,0,10.89
473,Columbia,US,2021-02-06 20:09:12,34.0007,-81.0348,50.0,43,90,12.66
474,Port Keats,AU,2021-02-06 20:08:34,-14.25,129.55,82.11,80,93,12.84
475,Omsukchan,RU,2021-02-06 20:11:35,62.5333,155.8,-9.26,88,100,2.66
476,Emporia,US,2021-02-06 20:11:35,38.4039,-96.1817,23.0,86,90,16.11
477,Nizwá,OM,2021-02-06 20:11:35,22.9333,57.5333,53.96,59,0,2.93
478,Los Llanos de Aridane,ES,2021-02-06 20:11:35,28.6585,-17.9182,60.8,67,20,3.44
479,San Vicente,AR,2021-02-06 20:11:35,-26.6167,-54.1333,79.93,37,0,6.53
480,Geraldton,AU,2021-02-06 20:08:23,-28.7667,114.6,69.8,88,75,20.71
481,Grogol,ID,2021-02-06 20:11:35,-7.6011,110.8186,74.1,89,61,2.55
482,Anadyr,RU,2021-02-06 20:11:35,64.75,177.4833,-9.0,84,0,8.95
483,Kieta,PG,2021-02-06 20:11:35,-6.2167,155.6333,79.74,79,30,7.58
484,Churapcha,RU,2021-02-06 20:11:36,62.0025,132.4325,-32.46,83,100,1.99
485,Aksu,CN,2021-02-06 20:11:36,41.1231,80.2644,26.73,86,0,3.42
486,Loa Janan,ID,2021-02-06 20:07:10,-0.583,117.095,73.51,97,100,0.96
487,Hofn,IS,2021-02-06 20:11:36,64.2539,-15.2082,34.48,87,97,18.48
488,Antofagasta,CL,2021-02-06 20:10:04,-23.65,-70.4,71.6,64,20,14.97
489,Baykit,RU,2021-02-06 20:11:36,61.67,96.37,9.01,92,100,5.41
490,Saint-Augustin,CA,2021-02-06 20:11:36,51.226,-58.6502,32.88,96,100,26.49
491,Gunnedah,AU,2021-02-06 20:11:36,-30.9833,150.25,66.99,98,19,2.68
492,Faya,SA,2021-02-06 20:11:36,18.3851,42.4509,51.8,93,0,4.56
493,Florø,NO,2021-02-06 20:11:36,61.5996,5.0328,19.4,68,0,6.91
494,Belyy Gorodok,RU,2021-02-06 20:11:36,56.965,37.5125,-1.5,91,100,9.69
495,Pozo Colorado,PY,2021-02-06 20:11:36,-23.4923,-58.7972,88.23,32,0,8.12
496,Maniitsoq,GL,2021-02-06 20:11:37,65.4167,-52.9,25.52,78,0,22.08
497,Shubarshi,KZ,2021-02-06 20:08:08,48.5872,57.1869,14.74,95,72,15.79
498,Nantucket,US,2021-02-06 20:08:45,41.2835,-70.0995,42.8,56,1,23.02
499,Tornio,FI,2021-02-06 20:11:37,65.8481,24.1466,12.2,85,0,6.91
500,Portobelo,PA,2021-02-06 20:11:38,9.55,-79.65,89.01,99,100,10.16
501,Yangi Marg`ilon,UZ,2021-02-06 20:11:38,40.4272,71.7189,42.8,49,100,4.61
